Code_orig,Treat,Soil,Code,Plant,Type,Date,Time,delta_D_various,delta_O18_various,Comments
DRY_A17_R_180517,DRY,A,A17,17,Root,180517,1,-39.8243716,-4.901064615,
DRY_A17_S_180517,DRY,A,A17,17,Stem,180517,1,-39.43912893,-4.424775632,
DRY_A17_SOIL_180517,DRY,A,A17,17,Soil,180517,1,-31.60783787,-4.417002204,
DRY_A34_R_180517,DRY,A,A34,34,Root,180517,1,-37.87549731,-4.561573017,
DRY_A34_S_180517,DRY,A,A34,34,Stem,180517,1,-38.40668775,-4.470832897,
DRY_A34_SOIL_180517,DRY,A,A34,34,Soil,180517,1,-34.08206702,-5.247835886,
DRY_A39_R_180517,DRY,A,A39,39,Root,180517,1,-36.74523253,-4.520775327,
DRY_A39_S_180517,DRY,A,A39,39,Stem,180517,1,-37.62023766,-3.899674301,
DRY_A43_R_180517,DRY,A,A43,43,Root,180517,1,-42.2704941,-5.33066291,
DRY_A43_S_180517,DRY,A,A43,43,Stem,180517,1,-41.32342152,-4.576412796,
DRY_A43_SOIL_180517,DRY,A,A43,43,Soil,180517,1,-32.85827244,-4.898518716,
DRY_A50_R_180517,DRY,A,A50,50,Root,180517,1,-42.59362356,-5.289336253,
DRY_A50_S_180517,DRY,A,A50,50,Stem,180517,1,-37.05148424,-3.384507825,
DRY_A50_SOIL_180517,DRY,A,A50,50,Soil,180517,1,-33.42665756,-5.026660604,
BAG_A71_R_180517,BAG,A,A71,71,Root,180517,1,-43.28235459,-5.15136955,
BAG_A71_S_180517,BAG,A,A71,71,Stem,180517,1,-40.09393534,-4.609941728,
BAG_A71_SOIL_180517,BAG,A,A71,71,Soil,180517,1,-34.99212486,-5.287847167,
BAG_A75_R_180517,BAG,A,A75,75,Root,180517,1,-40.40526709,-4.970071858,
BAG_A75_S_180517,BAG,A,A75,75,Stem,180517,1,-40.11661412,-4.24316043,
BAG_A75_SOIL_180517,BAG,A,A75,75,Soil,180517,1,-35.80870654,-5.364324227,
BAG_A85_R_180517,BAG,A,A85,85,Root,180517,1,-39.19225431,-5.585153513,
BAG_A85_S_180517,BAG,A,A85,85,Stem,180517,1,-34.25317413,-3.052787355,
BAG_A85_SOIL_180517,BAG,A,A85,85,Soil,180517,1,-30.10953203,-4.180075597,
BAG_A90_R_180517,BAG,A,A90,90,Root,180517,1,-38.91606135,-4.24335192,
BAG_A90_S_180517,BAG,A,A90,90,Stem,180517,1,-36.28674785,-3.21853973,
BAG_A90_SOIL_180517,BAG,A,A90,90,Soil,180517,1,-31.84408586,-4.877265157,
BAG_A93_R_180517,BAG,A,A93,93,Root,180517,1,-40.52098745,-5.12782865,
BAG_A93_S_180517,BAG,A,A93,93,Stem,180517,1,-41.46635046,-4.499033326,
BAG_A93_SOIL_180517,BAG,A,A93,93,Soil,180517,1,-35.3105916,-5.165288661,
DRY_B104_ROCK_180517,DRY,B,B104,104,Rock,180517,1,-30.1798361,-4.728372029,
DRY_B104_R_180517,DRY,B,B104,104,Root,180517,1,-43.22242329,-5.17385587,
DRY_B104_S_180517,DRY,B,B104,104,Stem,180517,1,-38.91953118,-4.656021805,
DRY_B104_SOIL_180517,DRY,B,B104,104,Soil,180517,1,-35.29879035,-5.464823893,
DRY_B125_ROCK_180517,DRY,B,B125,125,Rock,180517,1,-32.18250457,-5.242303823,
DRY_B125_R_180517,DRY,B,B125,125,Root,180517,1,-42.64031596,-5.370253049,
DRY_B125_S_180517,DRY,B,B125,125,Stem,180517,1,-43.18398955,-4.769512939,
DRY_B125_SOIL_180517,DRY,B,B125,125,Soil,180517,1,-32.3512625,-4.826422652,
DRY_B133_ROCK_180517,DRY,B,B133,133,Rock,180517,1,-32.32351702,-5.326773787,
DRY_B133_R_180517,DRY,B,B133,133,Root,180517,1,-42.94339916,-5.216733154,
DRY_B133_S_180517,DRY,B,B133,133,Stem,180517,1,-41.05240191,-4.398602656,
DRY_B133_SOIL_180517,DRY,B,B133,133,Soil,180517,1,-35.92070767,-5.424362755,
DRY_B136_ROCK_180517,DRY,B,B136,136,Rock,180517,1,-34.07700631,-5.743611675,
DRY_B136_R_180517,DRY,B,B136,136,Root,180517,1,-43.8422994,-5.115296801,
DRY_B136_SOIL_180517,DRY,B,B136,136,Soil,180517,1,-33.36056399,-5.020482997,
DRY_C139_S_180517,DRY,B,B136,136,Stem,180517,1,-40.84722562,-4.22161135,
DRY_B139_ROCK_180517,DRY,B,B139,139,Rock,180517,1,-31.86504505,-4.846263248,
DRY_B139_R_180517,DRY,B,B139,139,Root,180517,1,-43.93389479,-5.363886026,
DRY_B139_SOIL_180517,DRY,B,B139,139,Soil,180517,1,-35.15914088,-5.227945973,
DRY_C139_S_180517,DRY,B,B139,139,Stem,180517,1,-37.1418246,-4.597658975,
DRY_C171_R_180517,DRY,C,C171,171,Root,180517,1,-38.46734843,-4.643392122,
DRY_C171_S_180517,DRY,C,C171,171,Stem,180517,1,-39.77082597,-3.88812074,
DRY_C171_SOIL_180517,DRY,C,C171,171,Soil,180517,1,-31.14715469,-4.611266092,
DRY_C175_R_180517,DRY,C,C175,175,Root,180517,1,-48.8924527,-6.007414986,
DRY_C175_S_180517,DRY,C,C175,175,Stem,180517,1,-38.51500274,-4.626110165,
DRY_C175_SOIL_180517,DRY,C,C175,175,Soil,180517,1,-33.09390771,-4.89011995,
DRY_C179_R_180517,DRY,C,C179,179,Root,180517,1,-36.69407078,-4.321493031,
DRY_C179_S_180517,DRY,C,C179,179,Stem,180517,1,-41.10682462,-3.960984531,
DRY_C179_SOIL_180517,DRY,C,C179,179,Soil,180517,1,-32.10273522,-4.682361388,
DRY_C193_R_180517,DRY,C,C193,193,Root,180517,1,-40.77932271,-5.128473799,
DRY_C193_SOIL_180517,DRY,C,C193,193,Soil,180517,1,-32.57833474,-4.794585609,
DRY_C195_R_180517,DRY,C,C199,199,Root,180517,1,-43.27252209,-6.540849721,
DRY_C199_S_180517,DRY,C,C199,199,Stem,180517,1,-40.7800775,-4.529444751,
DRY_C199_SOIL_180517,DRY,C,C199,199,Soil,180517,1,-35.24006551,-5.229318602,
IRRI_W_180517,,,,,IRRIGATIONW,180517,1,-35.53416892,-5.927512906,
DRY_A13_R_180524,DRY,A,A13,13,Root,180524,8,-36.52156859,-5.18852504,
DRY_A13_SOIL_180524,DRY,A,A13,13,Soil,180524,8,-38.70951816,-5.307953032,
DRY_A13_S_180524,DRY,A,A13,13,Stem,180524,8,-42.24964768,-4.520098236,
DRY_A19_R_180524,DRY,A,A19,19,Root,180524,8,-40.08248641,-5.319876658,
DRY_A19_S_180524,DRY,A,A19,19,Stem,180524,8,-38.04763665,-4.23228229,
DRY_A19_SOIL_180524,DRY,A,A19,19,Soil,180524,8,-34.64478695,-5.442420787,
DRY_A22_R_180524,DRY,A,A22,22,Root,180524,8,-33.86539745,-2.792267469,
DRY_A22_SOIL_180524,DRY,A,A22,22,Soil,180524,8,-30.38159625,-3.494882453,
DRY_A22_S_180524,DRY,A,A22,22,Stem,180524,8,-40.61446099,-4.622993579,
CONTROL_A21_S_180524,CONTROL,A,A24,24,Stem,180524,8,-39.92234367,-4.601878273,
CONTROL_A24_R_180524,CONTROL,A,A24,24,Root,180524,8,-38.99412909,-5.066110716,
CONTROL_A24_SOIL_180524,CONTROL,A,A24,24,Soil,180524,8,-28.72084613,-4.116373647,
DRY_A37_R_180524,DRY,A,A37,37,Root,180524,8,-36.24055745,-4.584935543,
DRY_A37_S_180524,DRY,A,A37,37,Stem,180524,8,-41.05827777,-4.40576128,
DRY_A42_R_180524,DRY,A,A42,42,Root,180524,8,-44.69005364,-6.378406642,
DRY_A42_SOIL_180524,DRY,A,A42,42,Soil,180524,8,-26.5105097,-3.72366461,
DRY_A49_S_180606,DRY,A,A42,42,Stem,180524,8,-38.29421902,-4.586446772,
CONTROL_A48_R_180524,CONTROL,A,A48,48,Root,180524,8,-30.78631944,-3.640517284,
CONTROL_A48_S_180524,CONTROL,A,A48,48,Stem,180524,8,-36.00932633,-3.735769879,
CONTROL_A48_SOIL_180524,CONTROL,A,A48,48,Soil,180524,8,-32.97290915,-4.572151755,
BAG_A74_SOIL_180524,BAG,A,A74,74,Soil,180524,8,-35.08747469,-4.790725731,
BAG_A74_S_180524,BAG,A,A74,74,Stem,180524,8,-32.80786344,-3.215331494,
DRY_A74_R_180524,BAG,A,A74,74,Root,180524,8,-37.72414205,-4.29258465,
BAG_A82_R_180524,BAG,A,A82,82,Root,180524,8,-32.41922555,-2.815153815,
BAG_A82_S_180524,BAG,A,A82,82,Stem,180524,8,-33.08264212,-3.386586397,
BAG_A82_SOIL_180524,BAG,A,A82,82,Soil,180524,8,-26.34081361,-2.210040018,
BAG_A84_R_180524,BAG,A,A84,84,Root,180524,8,-35.90460784,-4.698356265,
BAG_A84_S_180524,BAG,A,A84,84,Stem,180524,8,-35.92725439,-3.973468077,
BAG_A84_SOIL_180524,BAG,A,A84,84,Soil,180524,8,-26.13875564,-2.651067072,
BAG_A17_SOIL_180524,BAG,A,A87,87,Soil,180524,8,-32.83435992,-3.730206008,
BAG_A87_R_180524,BAG,A,A87,87,Root,180524,8,-41.01467559,-4.382588893,
BAG_A87_S_180524,BAG,A,A87,87,Stem,180524,8,-36.89042134,-3.518937401,
BAG_A94_R_180524,BAG,A,A94,94,Root,180524,8,-39.21004877,-4.770549008,
BAG_A94_S_180524,BAG,A,A94,94,Stem,180524,8,-32.51413576,-3.154884013,
BAG_A94_SOIL_180524,BAG,A,A94,94,Soil,180524,8,-33.38103724,-4.942993652,
CONTROL_A95_R_180524,CONTROL,A,A95,95,Root,180524,8,-38.88156909,-4.889161441,
CONTROL_A95_SOIL_180524,CONTROL,A,A95,95,Soil,180524,8,-22.25193778,-2.911351099,
CONTROL_A95_S_180524,CONTROL,A,A95,95,Stem,180524,8,-39.45824198,-4.16280412,
DRY_B117_ROCK_180524,DRY,B,B117,117,Rock,180524,8,-29.32984773,-4.921665933,
DRY_B117_R_180524,DRY,B,B117,117,Root,180524,8,-44.63979816,-5.308991917,
DRY_B117_S_180524,DRY,B,B117,117,Stem,180524,8,-38.78987888,-4.608691341,
DRY_B117_SOIL_180524,DRY,B,B117,117,Soil,180524,8,-29.34145143,-3.307938646,
DRY_B118_ROCK_180524,DRY,B,B118,118,Rock,180524,8,-32.33945761,-5.099080943,
DRY_B118_R_180524,DRY,B,B118,118,Root,180524,8,-37.52198599,-4.525796002,
DRY_B118_S_180524,DRY,B,B118,118,Stem,180524,8,NA,NA,doubt
DRY_B118_SOIL_180524,DRY,B,B118,118,Soil,180524,8,-29.39534148,-3.688160899,
CONTROL_B121_ROCK_180524,CONTROL,B,B121,121,Rock,180524,8,-25.29505262,-4.23101247,
CONTROL_B121_R_180524,CONTROL,B,B121,121,Root,180524,8,-42.52786357,-5.528933305,
CONTROL_B121_SOIL_180524,CONTROL,B,B121,121,Soil,180524,8,-30.66875396,-4.725248747,
CONTROL_B121_S_180524,CONTROL,B,B121,121,Stem,180524,8,-42.09149798,-4.750916817,
DRY_B146_ROCK_180524,DRY,B,B146,146,Rock,180524,8,-22.41895324,-3.618169641,
DRY_B146_R_180524,DRY,B,B146,146,Root,180524,8,NA,NA,doubt
DRY_B146_SOIL_180524,DRY,B,B146,146,Soil,180524,8,-31.77333005,-3.477646476,
DRY_B146_S_180524,DRY,B,B146,146,Stem,180524,8,-35.24243924,-4.033710844,
DRY_B148_ROCK_180524,DRY,B,B148,148,Rock,180524,8,-31.73443584,-5.079917951,
DRY_B148_R_180524,DRY,B,B148,148,Root,180524,8,-33.75192131,-3.37888564,
DRY_B148_S_180524,DRY,B,B148,148,Stem,180524,8,-37.62881138,-4.036159169,
DRY_B148_SOIL_180524,DRY,B,B148,148,Soil,180524,8,-30.16726556,-3.409907653,
CONTROL_B151_SOIL_180524,CONTROL,B,B151,151,Stem,180524,8,-34.58355106,-3.529969837,
CONTROL_B151_S_180524,CONTROL,B,B151,151,Soil,180524,8,-28.36823072,-2.095126696,
CONTROL_B161_R_180524,CONTROL,B,B151,151,Root,180524,8,-37.53557117,-4.485490315,
CONTROL_B61_ROCK_180524,CONTROL,B,B151,151,Rock,180524,8,-26.5644553,-4.09903507,
CONTROL_B156_ROCK_180524,CONTROL,B,B156,156,Rock,180524,8,-32.97035975,-5.504197047,
CONTROL_B156_R_180524,CONTROL,B,B156,156,Root,180524,8,-40.75353922,-5.720673398,
CONTROL_B156_SOIL_180524,CONTROL,B,B156,156,Soil,180524,8,-31.80315359,-4.356074279,
CONTROL_B156_S_180524,CONTROL,B,B156,156,Stem,180524,8,-42.52613566,-4.048462033,
DRY_B160_ROCK_180524,DRY,B,B160,160,Rock,180524,8,-27.63664069,-4.380482845,
DRY_B160_SOIL_180524,DRY,B,B160,160,Soil,180524,8,-32.0584844,-3.680907379,
DRY_B160_S_180524,DRY,B,B160,160,Stem,180524,8,-39.46429367,-3.800669458,
DRY_B160_S_180524,DRY,B,B160,160,Root,180524,8,-40.01269012,-4.414557103,
DRY_B165_S_180517,DRY,B,B165,165,Stem,180524,8,-42.60889912,-5.029227021,
DRY_C163_R_180524,DRY,C,C163,163,Root,180524,8,-38.8509926,-4.709046924,
DRY_C163_SOIL_180524,DRY,C,C163,163,Soil,180524,8,-36.71238186,-5.158552464,
DRY_C163_S_180524,DRY,C,C163,163,Stem,180524,8,-39.56210818,-4.439504827,
DRY_C165_R_180524,DRY,C,C165,165,Root,180524,8,-37.97030357,-4.424923516,
DRY_C165_S_180524,DRY,C,C165,165,Stem,180524,8,-38.00750111,-3.554416332,
DRY_C170_R_180524,DRY,C,C170,170,Root,180524,8,-40.04356136,-4.36791973,
DRY_C170_S_180524,DRY,C,C170,170,Stem,180524,8,-39.74028776,-4.827970309,
DRY_C170_SOIL_180524,DRY,C,C170,170,Soil,180524,8,-28.15171008,-3.3323131,
DRY_C176_R_180524,DRY,C,C176,176,Root,180524,8,-36.28942362,-3.838790463,
DRY_C176_SOIL_180524,DRY,C,C176,176,Soil,180524,8,-33.3452306,-4.697213129,
DRY_C176_S_180524,DRY,C,C176,176,Stem,180524,8,-38.73931466,-4.577910807,
CONTROL_C181_R_180524,CONTROL,C,C181,181,Root,180524,8,-41.12810721,-4.806011413,
CONTROL_C181_SOIL_180524,CONTROL,C,C181,181,Soil,180524,8,-24.82390103,-3.320535877,
CONTROL_C191_S_180524,CONTROL,C,C181,181,Stem,180524,8,-45.65084346,-4.51021228,
CONTROL_C165_SOIL_180524,CONTROL,C,C190,190,Soil,180524,8,-26.29983512,-3.47825561,
CONTROL_C190_R_180524,CONTROL,C,C190,190,Root,180524,8,-35.97718644,-3.668132411,
CONTROL_C190_S_180524,CONTROL,C,C190,190,Stem,180524,8,-36.09051996,-4.149598372,
DRY_C209_R_180524,DRY,C,C209,209,Root,180524,8,-23.28382335,-1.393403645,
DRY_C209_SOIL_180524,DRY,C,C209,209,Soil,180524,8,-19.93576239,-2.072707954,
DRY_C209_S_180524,DRY,C,C209,209,Stem,180524,8,-37.88096775,-3.93882636,
CONTROL_C214_R_180524,CONTROL,C,C214,214,Root,180524,8,-37.88776649,-4.774251866,
CONTROL_C214_SOIL_180524,CONTROL,C,C214,214,Soil,180524,8,-28.86215091,-4.074110461,
CONTROL_C241_S_180524,CONTROL,C,C214,214,Stem,180524,8,-40.3508656,-4.019839685,
DRY_A10_R_180531,DRY,A,A10,10,Root,180531,16,-40.77826366,-6.235339721,
DRY_A10_S_180531,DRY,A,A10,10,Stem,180531,16,-36.46475471,-3.353399889,
DRY_A10_SOIL_180531,DRY,A,A10,10,Soil,180531,16,-31.68447475,-3.380296751,
DRY_A16_R_180531,DRY,A,A16,16,Root,180531,16,-38.30921497,-4.668525687,
DRY_A16_S_180531,DRY,A,A16,16,Stem,180531,16,-34.66161157,-3.369434228,
DRY_A16_SOIL_180531,DRY,A,A16,16,Soil,180531,16,-33.95781925,-3.794224876,
DRY_A23_R_180531,DRY,A,A23,23,Root,180531,16,-44.45773158,-5.711481437,
DRY_A23_S_180531,DRY,A,A23,23,Stem,180531,16,-38.70111335,-5.159324661,
DRY_A23_SOIL_180531,DRY,A,A23,23,Soil,180531,16,-36.52977061,-4.586150279,
DRY_A27_R_180531,DRY,A,A27,27,Root,180531,16,-43.77384643,-6.343062074,
DRY_A27_SOIL_180531,DRY,A,A27,27,Soil,180531,16,-35.25471721,-4.290385113,
DRY_A278_S_180531,DRY,A,A27,27,Stem,180531,16,-35.8304084,-3.761993608,
DRY_A36_R_180531,DRY,A,A36,36,Root,180531,16,-38.66278749,-4.141951139,
DRY_A36_S_180531,DRY,A,A36,36,Stem,180531,16,-41.13896934,-4.581701818,
DRY_A36_SOIL_180531,DRY,A,A36,36,Soil,180531,16,-24.09133076,-2.66465859,
DRY_B103_ROCK_180531,DRY,B,B103,103,Rock,180531,16,-14.84635552,-0.822047272,
DRY_B103_S_180531,DRY,B,B103,103,Stem,180531,16,-35.11643027,-3.347327218,
DRY_B103_SOIL_180531,DRY,B,B103,103,Soil,180531,16,-36.588969,-3.100903327,
DRY_B107_R_180531,DRY,B,B103,103,Root,180531,16,-37.32845512,-3.600374383,
DRY_B106_ROCK_180531,DRY,B,B106,106,Rock,180531,16,-19.99860838,-2.825937909,
DRY_B106_R_180531,DRY,B,B106,106,Root,180531,16,-41.54284033,-6.247579827,
DRY_B106_S_180531,DRY,B,B106,106,Stem,180531,16,-34.05790727,-3.799323282,
DRY_B106_SOIL_180531,DRY,B,B106,106,Soil,180531,16,-30.96052608,-3.175878702,
DRY_B134_ROCK_180531,DRY,B,B134,134,Rock,180531,16,NA,NA,doubt
DRY_B134_R_180531,DRY,B,B134,134,Root,180531,16,-39.13912394,-4.85572024,
DRY_B134_SOIL_180531,DRY,B,B134,134,Soil,180531,16,-27.76013399,-2.469229885,
DRY_B134_STEM_180531,DRY,B,B134,134,Stem,180531,16,-36.64596983,-3.540926377,
DRY_B153_ROCK_180531,DRY,B,B153,153,Rock,180531,16,-19.39028418,-2.541764291,
DRY_B153_R_180531,DRY,B,B153,153,Root,180531,16,-31.25659992,-4.043821581,
DRY_B153_S_180531,DRY,B,B153,153,Stem,180531,16,-31.23968377,-3.479189649,
DRY_B153_SOIL_180531,DRY,B,B153,153,Soil,180531,16,-35.51641147,-3.904024809,
DRY_B158_ROCK_180531,DRY,B,B158,158,Rock,180531,16,-13.19059386,-1.119858334,
DRY_B158_R_180531,DRY,B,B158,158,Root,180531,16,-34.60295232,-4.238993925,
DRY_B158_S_180531,DRY,B,B158,158,Stem,180531,16,-37.84941887,-3.536483312,
DRY_B158_SOIL_180531,DRY,B,B158,158,Soil,180531,16,-30.3403527,-2.654290027,
DRY_C138_STEM_180531,DRY,C,C183,183,Stem,180531,16,-36.20928701,-4.041362649,
DRY_C183_ROOT_180531,DRY,C,C183,183,Root,180531,16,-39.13997487,-5.846766291,
DRY_C183_SOIL_180531,DRY,C,C183,183,Soil,180531,16,-31.82738103,-3.735315172,
DRY_C186_R_180531,DRY,C,C186,186,Root,180531,16,-40.87410636,-6.052002069,
DRY_C186_S_180531,DRY,C,C186,186,Stem,180531,16,-38.35233058,-4.06290241,
DRY_C186_SOIL_180531,DRY,C,C186,186,Soil,180531,16,-25.56657453,-3.1404427,
DRY_C210_R_180531,DRY,C,C210,210,Root,180531,16,-43.26996951,-4.156615939,
DRY_C210_S_180531,DRY,C,C210,210,Stem,180531,16,-39.71068208,-3.68210383,
DRY_C210_SOIL_180531,DRY,C,C210,210,Soil,180531,16,-33.94705622,-3.530696565,
DRY_C213_R_180531,DRY,C,C213,213,Root,180531,16,-36.58324923,-4.534664168,
DRY_C213_S_180531,DRY,C,C213,213,Stem,180531,16,-38.67870301,-3.295661345,
DRY_C213_SOIL_180531,DRY,C,C213,213,Soil,180531,16,-30.01643338,-3.045417692,
DRY_C219_R_180531,DRY,C,C219,219,Root,180531,16,-44.37491491,-7.262001748,
DRY_C219_S_180531,DRY,C,C219,219,Stem,180531,16,-35.86471532,-3.447593416,
DRY_C219_SOIL_180531,DRY,C,C219,219,Soil,180531,16,-28.21782438,-3.199101249,
DUMMY,CONTROL,,,,,180531,16,,,
DRY_A1_SOIL_180613,DRY,A,A1,1,Soil,180613,29,-37.87626673,-2.814970537,
DRY_A14_S_180613,DRY,A,A14,14,Stem,180613,29,-36.07912449,-2.22518212,
DRY_A14_SOIL_180613,DRY,A,A14,14,Soil,180613,29,-34.61667455,-3.518716965,
DRY_A14_ROOT_180613,DRY,A,A14,14,Root,180613,29,-37.26363848,-3.677576878,
DRY_A20_R_180613,DRY,A,A20,20,Root,180613,29,-27.23344693,-1.005906259,
DRY_A20_SOIL_180613,DRY,A,A20,20,Soil,180613,29,-31.87079474,-1.905702322,
DRY_A201_SOIL_180613,DRY,A,A201,201,Soil,180613,29,-37.8032246,-3.87456684,doubt
CONTROL_A26_R_180613,CONTROL,A,A26,26,Root,180613,29,-43.45323498,-4.869071127,
CONTROL_A26_SOIL_180613,CONTROL,A,A26,26,Soil,180613,29,-29.11632376,-3.753064938,
CONTROL_A32_SOIL_180613,CONTROL,A,A32,32,Soil,180613,29,-27.4631885,-3.870151242,
DRY_A44_R_180613,DRY,A,A44,44,Stem,180613,29,-31.00186687,0.550868658,
DRY_A44_R_180613,DRY,A,A44,44,Root,180613,29,-37.55716343,-3.319789635,
DRY_A44_SOIL_180613,DRY,A,A44,44,Soil,180613,29,-37.22921804,-0.889024758,
DRY_A45_R_180613,DRY,A,A45,45,Root,180613,29,-38.30170342,-4.415579494,
DRY_A45_S_180613,DRY,A,A45,45,Stem,180613,29,-34.28501363,-1.362222595,
DRY_A45_SOIL_180613,DRY,A,A45,45,Soil,180613,29,-38.98920171,-2.914675034,
CONTROL_A80_R_180613,CONTROL,A,A80,80,Root,180613,29,-47.83565766,-5.733062652,
CONTROL_A80_SOIL_180613,CONTROL,A,A80,80,Soil,180613,29,-30.2275316,-4.164686239,
CONTROL_A86_S_180613,CONTROL,A,A80,80,Stem,180613,29,-43.76655213,-4.139769462,
CONTROL_A86_R_180613,CONTROL,A,A86,86,Root,180613,29,-47.20933914,-6.081902649,
CONTROL_A86_R_180613,CONTROL,A,A86,86,Stem,180613,29,-38.7495459,-4.027855887,
CONTROL_A86_S_180613,CONTROL,A,A86,86,Soil,180613,29,-29.40057494,-0.883034514,
CONTROL_B110_ROCK_180613,CONTROL,B,B110,110,Rock,180613,29,-28.07446955,-4.465572757,
CONTROL_B110_ROOT_180613,CONTROL,B,B110,110,Root,180613,29,-47.21063102,-5.778772863,
CONTROL_B110_SOIL_180613,CONTROL,B,B110,110,Soil,180613,29,-33.48851782,-4.498763665,
DRY_B111_ROCK_180613,DRY,B,B111,111,Rock,180613,29,-18.80140461,-0.127427642,
DRY_SOIL_B111_180613,DRY,B,B111,111,Soil,180613,29,-35.10515062,-0.65272176,
DRY_B129_R_180531,DRY,B,B129,129,Root,180613,29,-22.6970507,0.375837515,
DRY_B129_R_180613,DRY,B,B129,129,Root,180613,29,-25.85537328,-1.598001112,
DRY_B129_ROCK_180613,DRY,B,B129,129,Rock,180613,29,-14.66084325,-0.577799971,
DRY_B129_S_180613,DRY,B,B129,129,Stem,180613,29,-31.31381066,-0.272955199,
DRY_B129_SOIL_180613,DRY,B,B129,129,Soil,180613,29,-29.98834871,-1.669099134,
DRY_B132_ROCK_180613,DRY,B,B132,132,Rock,180613,29,-14.63195788,-0.154038824,
DRY_B132_R_180613,DRY,B,B132,132,Root,180613,29,-26.39259579,-0.716350719,
DRY_B132_S_180613,DRY,B,B132,132,Stem,180613,29,-28.32924268,0.833315604,
DRY_B132_SOIL_180613,DRY,B,B132,132,Soil,180613,29,-36.79947337,-1.657121436,
CONTROL_B133_R_180613,CONTROL,B,B133,133,Root,180613,29,-37.32845512,-3.600374383,
CONTROL_B133_ROCK_180613,CONTROL,B,B133,133,Rock,180613,29,-27.22547601,-4.113650109,
CONTROL_B133_S_180613,CONTROL,B,B133,133,Stem,180613,29,-38.8417155,-3.654050577,
CONTROL_B133_SOIL_180620,CONTROL,B,B133,133,Soil,180613,29,-32.87954573,-4.674177782,
DRY_B132_R_180613,DRY,B,B135,135,Root,180613,29,-24.28877708,1.715620378,
DRY_B135_ROCK_180613,DRY,B,B135,135,Rock,180613,29,-11.66998469,0.945908046,
DRY_B135_S_180613,DRY,B,B135,135,Stem,180613,29,-20.6587055,1.216383525,
DRY_B135_SOIL_180613,DRY,B,B135,135,Soil,180613,29,-44.30922619,-1.956514272,
CONTROL_B133_S_180613,CONTROL,B,B137,137,Stem,180613,29,-43.89814325,-4.57440395,
CONTROL_B137_ROOT_180613,CONTROL,B,B137,137,Root,180613,29,-48.0707846,-6.613919142,
CONTROL_B137_SOIL_180613,CONTROL,B,B137,137,Soil,180613,29,-43.06321206,-4.995284469,
CONTROL_B141_ROCK_180613,CONTROL,B,B141,141,Rock,180613,29,-27.82192085,-4.462275139,
CONTROL_B141_R_180613,CONTROL,B,B141,141,Root,180613,29,-42.62399077,-4.840690775,
CONTROL_B141_S_180613,CONTROL,B,B141,141,Stem,180613,29,-43.96107586,-4.01388441,
CONTROL_B141_SOIL_180613,CONTROL,B,B141,141,Soil,180613,29,-49.86959457,-6.917931035,
DRY_B144_ROCK_180613,DRY,B,B144,144,Rock,180613,29,-23.93425715,-2.094868415,
DRY_B144_SOIL_180613,DRY,B,B144,144,Soil,180613,29,-36.23657689,-1.877996193,
DRY_A146_R_180613,DRY,C,C164,164,Stem,180613,29,-35.90832878,-3.540452882,
DRY_A146_R_180613,DRY,C,C164,164,Root,180613,29,-39.3046674,-3.53702596,
DRY_C164_SOIL_180613,DRY,C,C164,164,Soil,180613,29,-33.86090406,-2.00461773,
DRY_C167_R_180613,DRY,C,C167,167,Root,180613,29,-25.30474266,-0.923099413,
DRY_C167_S_180613,DRY,C,C167,167,Stem,180613,29,-28.20321956,0.131146379,
DRY_C167_SOIL_180613,DRY,C,C167,167,Soil,180613,29,-32.52744981,-2.19566318,
DRY_C168_R_180613,DRY,C,C168,168,Root,180613,29,-31.61897628,-0.381667872,
DRY_C168_R_180613,DRY,C,C168,168,Stem,180613,29,-29.52964793,-1.105810481,
DRY_C168_SOIL_180613,DRY,C,C168,168,Soil,180613,29,-37.69500238,-2.846328809,
CONTROL_C169_R_180613,CONTROL,C,C169,169,Root,180613,29,-42.71570922,-5.116935171,
CONTROL_C169_S_180613,CONTROL,C,C169,169,Stem,180613,29,-42.13679618,-4.201584088,
CONTROL_C169_SOIL_180613,CONTROL,C,C169,169,Soil,180613,29,-40.42902631,-5.758191109,
CONTROL_C177_SOIL_180613,CONTROL,C,C177,177,Soil,180613,29,-28.7686349,-3.738150532,
DRY_C182_R_180613,DRY,C,C182,182,Root,180613,29,-33.45126297,-2.041022274,
DRY_C182_S_180613,DRY,C,C182,182,Stem,180613,29,-29.74147746,-1.94828121,
DRY_C182_SOIL_180613,DRY,C,C182,182,Soil,180613,29,-37.14900599,-3.202496213,
DRY_C206_SOIL_180631,DRY,C,C206,206,Soil,180613,29,-37.66440739,-2.705369084,doubt
CONTROL_C218_R_180613,CONTROL,C,C218,218,Root,180613,29,-27.57126256,-0.856427001,
CONTROL_C218_S_180613,CONTROL,C,C218,218,Stem,180613,29,-41.03578923,-3.470498221,
CONTROL_C218_SOIL_180613,CONTROL,C,C218,218,Soil,180613,29,-41.08541774,-5.46642768,
CONTROL_C220_SOIL_180613,CONTROL,C,C220,220,Soil,180613,29,-27.99859191,-3.919774062,
IRRIGATIONW_180613,,,,,IRRIGATIONW,180613,29,-35.40596996,-5.879000237,
DRY_A12_R_180620,DRY,A,A12,12,Root,180620,36,-20.46871444,0.856518101,
DRY_A12_S_180620,DRY,A,A12,12,Stem,180620,36,-21.03912005,0.77848702,
DRY_A12_SOIL_180620,DRY,A,A12,12,Soil,180620,36,-34.23256077,-1.236005898,
DRY_A15_R_180620,DRY,A,A15,15,Root,180620,36,-31.20925203,-0.30748921,
DRY_A15_S_180620,DRY,A,A15,15,Stem,180620,36,-26.59746403,1.209559057,
DRY_A15_SOIL_180620,DRY,A,A15,15,Soil,180620,36,-29.08586847,-0.073834111,
DRY_A21_R_180620,DRY,A,A21,21,Root,180620,36,-28.81898158,-1.071183268,
DRY_A21_S_180620,DRY,A,A21,21,Stem,180620,36,-19.60875871,0.326085043,
DRY_A21_SOIL_180620,DRY,A,A21,21,Soil,180620,36,-28.65173046,-0.352610941,
CONTROL_A47_R_180620,CONTROL,A,A47,47,Root,180620,36,-44.59280736,-4.639261632,
CONTROL_A47_S_180620,CONTROL,A,A47,47,Stem,180620,36,-40.46664753,-4.089730269,
CONTROL_A47_SOIL_180620,CONTROL,A,A47,47,Soil,180620,36,-27.87775514,-3.578973113,
CONTROL_SOIL_A7_180620,CONTROL,A,A7,7,Soil,180620,36,-24.23527335,-3.097707029,
CONTROL_A7_R_180620,CONTROL,A,A7,7,Root,180620,36,-43.84325493,-4.576618281,
CONTROL_A7_S_180620,CONTROL,A,A7,7,Stem,180620,36,-42.27597727,-3.4465328,
CONTROL_A81_R_180620,CONTROL,A,A81,81,Root,180620,36,-42.75596208,-4.956292376,
CONTROL_A81_S_180620,CONTROL,A,A81,81,Stem,180620,36,-39.41223619,-3.833505294,
CONTROL_SOIL_A81_180620,CONTROL,A,A81,81,Soil,180620,36,-31.38012498,-4.416053907,
DRY_A289_S_180620,DRY,A,A89,89,Stem,180620,36,NA,NA,doubt
DRY_A89_R_180620,DRY,A,A89,89,Root,180620,36,-24.21155409,0.797674754,
DRY_A89_SOIL_180620,DRY,A,A89,89,Soil,180620,36,-30.61647629,0.365656476,
DRY_A9_R_180620,DRY,A,A9,9,Root,180620,36,-18.51413017,3.705977638,
DRY_A9_S_180620,DRY,A,A9,9,Stem,180620,36,-9.575145805,4.363795678,
DRY_A9_SOIL_180620,DRY,A,A9,9,Soil,180620,36,-30.8084626,2.275525134,
CONTROL_A91_R_180620,CONTROL,A,A91,91,Root,180620,36,-34.24920148,-4.169357651,
CONTROL_A91_S_180620,CONTROL,A,A91,91,Stem,180620,36,-37.65579548,-4.340816866,
CONTROL_SOIL_A91_180620,CONTROL,A,A91,91,Soil,180620,36,-30.84712693,-4.445531558,
CONTROL_B102_R_180620,CONTROL,B,B102,102,Root,180620,36,-46.69612202,-5.959972831,
CONTROL_B102_S_180620,CONTROL,B,B102,102,Stem,180620,36,-40.67647557,-3.936304188,
CONTROL_B102_SOIL_180620,CONTROL,B,B102,102,Soil,180620,36,-25.64639319,-3.516009291,
CONTROL_ROCK_B102_180620,CONTROL,B,B102,102,Rock,180620,36,-24.93681296,-3.742667867,
DRY_B105_S_180620,DRY,B,B109,109,Stem,180620,36,-13.53521448,3.310973549,
DRY_B109_R_180620,DRY,B,B109,109,Root,180620,36,-24.12997265,0.681444241,
DRY_B109_SOIL_180620,DRY,B,B109,109,Soil,180620,36,-37.06685848,-0.052595493,
DRY_B109_ROCK_180620,DRY,B,B109,109,Rock,180620,36,-4.334536907,2.801862095,
CONTROL_B112_S_180620,CONTROL,B,B112,112,Stem,180620,36,-39.84358838,-4.134539899,
CONTROL_B112_SOIL_180620,CONTROL,B,B112,112,Soil,180620,36,-25.45457944,-3.247787616,
DRY_B112_R_180620,CONTROL,B,B112,112,Root,180620,36,-42.55861373,-4.648948141,
CONTROL_ROCK_B112_180620,CONTROL,B,B112,112,Rock,180620,36,-21.2941332,-2.819760096,
CONTROL_B114_ROCK_180620,CONTROL,B,B114,114,Rock,180620,36,-30.56005681,-4.981753,
CONTROL_B114_R_180620,CONTROL,B,B114,114,Root,180620,36,-40.36569134,-3.817308694,
CONTROL_SOIL_B114_180620,CONTROL,B,B114,114,Soil,180620,36,-27.1225226,-3.850827229,
DRY_B115_R_180620,DRY,B,B115,115,Root,180620,36,-21.55589031,0.966149514,
DRY_B115_S_180620,DRY,B,B115,115,Stem,180620,36,-22.36080341,1.586666857,
DRY_B115_SOIL_180620,DRY,B,B115,115,Soil,180620,36,-32.16812563,-0.282503672,
CONTROL_B116_ROCK_180620,CONTROL,B,B116,116,Rock,180620,36,-26.52579364,-3.811351335,
CONTROL_B116_R_180620,CONTROL,B,B116,116,Root,180620,36,-42.10912216,-4.376995799,
CONTROL_B116_S_180620,CONTROL,B,B116,116,Stem,180620,36,-40.20099793,-4.609757778,
CONTROL_B116_SOIL_180620,CONTROL,B,B116,116,Soil,180620,36,-22.50661043,-2.676665535,
DRY_B123_ROCK_180620,DRY,B,B123,123,Rock,180620,36,-5.930536083,1.79438911,
DRY_B123_R_180620,DRY,B,B123,123,Root,180620,36,-21.98151571,0.651820937,
DRY_B123_S_180620,DRY,B,B123,123,Stem,180620,36,NA,NA,doubt
DRY_SOIL_B123_180620,DRY,B,B123,123,Soil,180620,36,-28.97262461,0.117122109,
CONTROL_B141_R_180620,CONTROL,B,B141,141,Rock,180620,36,-11.00172614,3.024544749,doubt
CONTROL_B144_S_180620,CONTROL,B,B141,141,Stem,180620,36,-38.42828012,-3.533287969,doubt
DRY_B143_ROCK_180620,DRY,B,B143,143,Rock,180620,36,-8.597033891,1.244286469,
DRY_B143_R_180620,DRY,B,B143,143,Root,180620,36,-16.12001132,2.635068717,
DRY_B143_SOIL_180620,DRY,B,B143,143,Soil,180620,36,-24.34992777,1.917197432,
DRY_C143_S_180620,DRY,B,B143,143,Stem,180620,36,-36.88900093,-4.707021611,
DRY_SOIL_B150_180620,DRY,B,B150,150,Soil,180620,36,-34.64180244,-0.536321687,
DRY_B150_ROCK_180620,DRY,B,B150,150,Rock,180620,36,-8.886911434,1.195849782,
DRY_B150_R_180620,DRY,B,B150,150,Root,180620,36,-27.24919152,-0.342861082,
DRY_B150_STEM_180620,DRY,B,B150,150,Stem,180620,36,-18.23556339,1.774183022,
CONTROL_C162_S_180620,CONTROL,C,C162,162,Stem,180620,36,-35.37000442,-2.989045015,
CONTROL_C162_SOIL_180620,CONTROL,C,C162,162,Soil,180620,36,-23.55569772,-2.994563397,
DRY_C188_R_180620,DRY,C,C188,188,Root,180620,36,-22.43602154,0.660164889,
DRY_C188_S_180620,DRY,C,C188,188,Stem,180620,36,-19.551604,1.246095842,
DRY_C188_SOIL_180620,DRY,C,C188,188,Soil,180620,36,-22.03310463,-0.506510099,
DRY_C189_R_180620,DRY,C,C189,189,Root,180620,36,-21.04394775,1.015499329,
DRY_C189_S_180620,DRY,C,C189,189,Stem,180620,36,-20.75763467,0.904279017,
DRY_C189_SOIL_180620,DRY,C,C189,189,Soil,180620,36,-32.21126499,-1.38763828,
CONTROL_C195_R_180620,CONTROL,C,C195,195,Root,180620,36,-41.42294839,-4.797481697,
CONTROL_C195_S_180620,CONTROL,C,C195,195,Stem,180620,36,-36.28614662,-2.840915631,
CONTROL_C195_SOIL_180620,CONTROL,C,C195,195,Soil,180620,36,-41.92159626,-5.919307005,
CONTROL_C200_R_180620,CONTROL,C,C200,200,Root,180620,36,-41.5274029,-4.633823417,
CONTROL_C200_S_180620,CONTROL,C,C200,200,Stem,180620,36,-40.34086379,-4.222701379,
CONTROL_C200_SOIL_180620,CONTROL,C,C200,200,Soil,180620,36,-25.71274698,-3.005712168,
CONTROL_C203_R_180620,CONTROL,C,C203,203,Root,180620,36,-39.9263681,-4.988874781,
CONTROL_C203_S_180620,CONTROL,C,C203,203,Stem,180620,36,-44.00366526,-5.36297842,
CONTROL_SOIL_C203_180620,CONTROL,C,C203,203,Soil,180620,36,-29.06423388,-3.950098648,
CONTROL_C208_R_180620,DRY,C,C208,208,Root,180620,36,-26.3958045,0.343657413,
DRY_C208_S_180620,DRY,C,C208,208,Stem,180620,36,-21.84148448,2.018511126,
DRY_C208_SOIL_180620,DRY,C,C208,208,Soil,180620,36,-32.99185239,-1.097214899,
DRY_C212_R_180620,DRY,C,C212,212,Root,180620,36,-23.97321241,0.217776305,
DRY_C212_S_180620,DRY,C,C212,212,Stem,180620,36,-16.45849431,1.855336778,
DRY_C212_SOIL_180620,DRY,C,C212,212,Soil,180620,36,-31.68746534,-0.874616492,
DRY_C216_R_180620,DRY,C,C216,216,Root,180620,36,-19.89934282,2.581117589,
DRY_C216_STEM_180620,DRY,C,C216,216,Stem,180620,36,-20.02047254,1.969502557,
DRY_SOIL_C216_180620,DRY,C,C216,216,Soil,180620,36,-29.39238391,-0.577622357,
IRRIGATIONW_180620,,,,,IRRIGATIONW,180620,36,-35.05273443,-5.883179333,
